ferretID,age,sleepSituation,foodSituation,groomingSituation,livingSituation,disposition
5981d267d5cf43bfadc3e97bf044ee14,7,13,hungry,clean,comfortable,angry
8869461b6aa643d0894342bf1265b65a,1,18,hungry,clean,sparse,angry
6da72ee9ccdc411e8e3b16cb692c6619,5,15,fed,dirty,minimal,nice
efe6e71c57774de59191a5e8ff9fa051,2,15,fed,dirty,sparse,nice
6552fd12baf5436b8cc38ec7ea6e1d75,4,8,fed,dirty,luxary,nice
881b8b973c9943eaa960e2eb095457b8,7,18,fed,dirty,minimal,nice
028dfce57c014043b9592ce96028757f,8,21,fed,dirty,minimal,nice
c5de462fc50f43798464fc896b311ca1,3,13,fed,clean,luxary,nice
77611b117d8e43558fac8688aa35b592,5,0,hungry,dirty,luxary,angry
e0e2c39bf8bd4cde838c3bee44e6905d,7,5,hungry,clean,sparse,angry
eaba246f5bcf4ee9a831f16bc35cc3db,5,16,hungry,clean,luxary,angry
b6956eb852bd45f183d14c690dfe7320,6,2,hungry,clean,sparse,angry
402b399f73344e75be74f44244a57e06,7,19,hungry,dirty,minimal,angry
7ed51e531f394c10af113cd57c03da44,1,21,hungry,clean,comfortable,angry
39ee688512f24a27b1f9a363891b1849,4,13,hungry,dirty,luxary,angry
5824369994964f44b02f3cb80855e93e,2,13,hungry,dirty,comfortable,angry
426b10c1df144c5d8bb5ba9ff18c720f,1,2,fed,clean,comfortable,angry
cf3f641fac6b43aa8666e29d608e5965,7,16,fed,clean,comfortable,nice
cfc999ea4ac741a38817bc74d84a5b13,3,23,fed,dirty,minimal,nice
977f5a20def440e292ffb05a3cff3de6,3,16,hungry,clean,sparse,angry
4207d8119de742bbb96fad8e9aaa6034,1,3,hungry,clean,comfortable,angry
6a74eaa84fad4280a8da78067877ff6a,1,16,fed,clean,luxary,nice
c637f3ecbc704b8cb2de51dc44dcf4c7,3,16,hungry,clean,comfortable,angry
b21f4d5288e24313805c61806f958d9c,2,9,hungry,clean,minimal,angry
b8c200a3c5204a0a89bfeacd09fb0c78,4,17,fed,dirty,comfortable,nice
889a93e1d98f451fb60f15aedfc7c1d0,4,15,fed,clean,sparse,nice
8713dc64b1d6433380e48f8c658a1782,6,0,fed,dirty,comfortable,angry
6a7aacd7cc274bdbaadfc5f7a3ab82c2,2,13,fed,dirty,comfortable,nice
10f612d9f07045d1b2696d31ddf520af,2,24,hungry,clean,luxary,angry
2ff0ae49b541471ea7a49156d1edde73,5,16,fed,clean,sparse,nice
84b5533a357d4bb48b386c3514879899,8,16,fed,dirty,comfortable,nice
48a7f159f639406f9669ed49f4816021,4,14,hungry,dirty,sparse,angry
3ce890f439ce460ebcd723d6bb9d290b,3,23,fed,dirty,comfortable,nice
75c148c4d4dd45b7a510f26b9aff5359,7,3,fed,dirty,minimal,angry
2f93fb87def44fe7af0b3d95e92a2a16,4,0,hungry,dirty,minimal,angry
920ac0fe54ee4e1ab288662f1c307e05,7,12,hungry,clean,minimal,angry
3470fe6a57a146179a4acc5249006312,5,11,fed,dirty,luxary,nice
0ea8a3c23c444d76a2a5b85cac793f53,8,17,hungry,dirty,sparse,angry
914e344bf787413ba217bafb156030ea,9,23,fed,clean,sparse,nice
1088d8f948df450a9d49f7c126e1c26b,4,9,fed,clean,comfortable,nice
f5f26a07716846fa843be314f03d19d7,3,21,hungry,dirty,sparse,angry
e798fb97b663440f8d1bfe24d73ee60a,7,24,hungry,clean,luxary,angry
1b17c1a7763046838d499de3d00445bc,5,0,fed,dirty,minimal,angry
9e6ebccecd2346989d017af0db3d717b,9,3,hungry,clean,comfortable,angry
2547913c05354567a0290c419fe7e081,5,23,hungry,dirty,minimal,angry
9e62a3e9523b46b9a1c6dce85bc84266,1,19,fed,dirty,sparse,nice
813dc68cdf24455b9563db6ec893bb7f,7,11,hungry,dirty,sparse,angry
69752888ba624aa48cacefe31b0e562b,6,19,hungry,dirty,sparse,angry
452815d5174e4987bbd7fde98234ef28,9,10,hungry,clean,comfortable,angry
ffd13bfee27746779cf908df39dde73e,1,23,hungry,dirty,sparse,angry
3875348225f44b8e82e498219e81d1b6,7,8,hungry,clean,comfortable,angry
817fc77f13ab4b2688b5390d37f5b995,2,2,fed,dirty,sparse,angry
ea5c783755c44f7996b5a9192b933b7f,3,7,hungry,clean,luxary,angry
3b4f6fc01dfd4e8e9b05a937c61ced83,1,3,fed,dirty,sparse,angry
fb9d5e62c0324fd99185bb93272ba478,10,20,hungry,dirty,luxary,angry
b66f783697654a64b1711b6739379c5a,7,1,hungry,dirty,sparse,angry
978f2a75f74f45f58decb3a9918c0e3b,1,18,hungry,dirty,comfortable,angry
960e9867843d458c81ffd6813c0c910c,6,18,fed,clean,sparse,nice
9066d5c2f1bf48c6923357e6cc01e9ce,9,7,fed,dirty,luxary,nice
2d1c621dc1ce4b48ae4b1399e3ac2988,1,17,hungry,dirty,minimal,angry
c8e6403bb60142bf8b3031aa5a9b9115,9,16,hungry,dirty,minimal,angry
4ace6fc669584379a3219f2384526504,6,22,fed,clean,sparse,nice
9c1acc707eb844debcccc6ab8ef871eb,4,8,hungry,dirty,luxary,angry
68d12331f69e4ac0882c1b9f8a66571d,3,9,hungry,dirty,luxary,angry
c02193a22dc34f24b08d566ed8a51fd3,7,23,fed,dirty,comfortable,nice
8c6c3e9c98cb4bec84fb72ca108e307a,3,14,fed,clean,sparse,nice
14308453392c4f0c8026941350b39a6d,10,0,fed,clean,sparse,angry
0fdf8233da8e4e099ee8c6c1db40b2fe,8,15,hungry,clean,luxary,angry
2bb1491a87724c1886711ee3553cbbb2,10,3,hungry,dirty,sparse,angry
213f8fee799a4b5586ee627f5984598e,8,7,fed,dirty,luxary,nice
59ede157b9af474bb6b7e78952f1a50f,3,9,hungry,clean,minimal,angry
27de9fd9b86f4bbaab36808a66ed40f8,4,6,hungry,clean,sparse,angry
cd8de17abbcf475791e80a8c42c627b2,1,14,hungry,clean,sparse,angry
df1a2ad0eda643afb182392658bd1c75,7,15,fed,dirty,sparse,nice
fd14f15352b745368d9204cf0a619767,7,16,fed,clean,comfortable,nice
fbb8e01dd56748888e4543b753b093e2,5,5,fed,clean,comfortable,angry
0ba869a6ac274aaaa4a712e67a95e37a,7,7,fed,dirty,comfortable,nice
48f07deb1e954bbdb81ead326a5e7f04,9,10,hungry,clean,luxary,angry
c1b4d07175a8428792995224505c45cb,10,5,fed,dirty,luxary,angry
98fe695952624ed6bccd7df095373395,1,7,hungry,clean,luxary,angry
cababdb2b8e440e2b7a790df87522168,6,0,hungry,dirty,minimal,angry
52276688e6454b13aad685232057db35,3,3,fed,dirty,comfortable,angry
fa49ce20b7ef43fbb373020a8801c816,2,7,hungry,clean,luxary,angry
42aa2d015be54ebf83e169b4f9df945d,5,15,fed,dirty,comfortable,nice
5848c0a816f74ec8943dad4c4c55a438,10,7,fed,clean,sparse,nice
bb91ea2aa40d4cde82fb67d87df6ab6c,7,21,fed,clean,luxary,nice
30a5aad1e6a14874a11a94fab1faede5,3,2,hungry,dirty,comfortable,angry
ec66f7c8f7444431b200d73505a159ac,3,1,fed,dirty,minimal,angry
da4cd24804f2461a832fe42311e4a4aa,5,20,fed,clean,comfortable,nice
693e33d2508746d9acf74aff7281cef3,6,7,fed,clean,minimal,nice
705c8d6ace4642638166b8b4f469986e,5,4,hungry,clean,comfortable,angry
737bfc9e255346e2bc77dd6f57433846,1,17,fed,dirty,minimal,nice
2e87f9ffd5c148b3960af07c906a9095,7,22,fed,dirty,minimal,nice
8f793026a7294faa9906c250e2eeb1e9,4,2,fed,dirty,luxary,angry
43d162c418d143758eeda031b8869be5,5,21,hungry,dirty,minimal,angry
5126ba2ed5d043f7b533b321ca24e672,2,4,hungry,dirty,minimal,angry
d09f94497ef549ad83675b5590459328,1,20,fed,clean,comfortable,nice
ddcea117721e47a78ccbfe46764dd9d1,3,19,fed,clean,luxary,nice
12bb49c105da462997427687adcf2419,6,0,fed,dirty,minimal,angry
d3393d3c915944f3a915473d7801258b,3,15,hungry,dirty,comfortable,angry
af6ad53b32024261b31134716b759db6,4,14,fed,clean,sparse,nice
8e58641a84da40b49dc584650f2d723f,10,2,fed,dirty,sparse,angry
7539ad587ad947bc8e8ae90260a32517,3,9,fed,clean,comfortable,nice
772841f749cc4494bbc69c194d79fed7,2,4,hungry,clean,sparse,angry
a2fe07a31fe94ffe8d5f7b3348a3a16b,9,16,hungry,dirty,luxary,angry
e50f71796ff945b0877050c9d0e9ae90,7,19,fed,dirty,minimal,nice
247262e32bfd4713b2ecea2db6395fa5,4,13,hungry,clean,minimal,angry
adab1c06d8e44e0cb3d2c70f7ee78d96,6,21,hungry,dirty,sparse,angry
1b353302ce0240f49e92816a6dd7a131,9,12,fed,dirty,sparse,nice
9e411b51298d4cbbb89ad7973bbac59e,5,24,fed,dirty,luxary,nice
046203e0fa834b57921a3d1499aeb962,2,15,hungry,clean,luxary,angry
34cfadddbda240cc97066a159a700750,3,16,hungry,clean,minimal,angry
3e671cfa3198419a80eda257412af16e,8,3,fed,clean,luxary,angry
5373ec728b45406682ef5ef199875e63,2,17,fed,dirty,sparse,nice
1c7c50c5495b418784e933fd5f9eabce,8,3,hungry,clean,sparse,angry
b3dcf4aa035f4cc98c00363cbec92609,7,19,hungry,dirty,comfortable,angry
b64c24acff6344fa8f7387321dc10cef,2,19,hungry,clean,minimal,angry
d572a69a1eff4b87a1d098f846a77e74,3,7,hungry,clean,minimal,angry
446ee7ea50eb42fcbeaf797c6d18d2a0,6,12,hungry,dirty,luxary,angry
e25cfaff681a4ae78f105a3527c16548,5,6,fed,dirty,sparse,nice
708601c4fa924de99882b16e19b61c8b,4,24,hungry,clean,minimal,angry
dcb27db39ec14830a448c1fac3a88f4b,3,12,fed,dirty,luxary,nice
f5c838ee8cbb4f399cf58e45ec602289,9,6,fed,clean,comfortable,nice
c02302903c2144c88e24e700a8e9a95b,10,24,fed,dirty,sparse,nice
3e9823fe6b7f4eecb53c93fd34607949,5,16,hungry,dirty,sparse,angry
01a604fb708c4b3c80df804d31752455,4,22,fed,clean,luxary,nice
b48efba6739d45e6ae1f4890895aeb26,5,22,fed,dirty,minimal,nice
7c84bb01a5e141419ed4b37cb515ebd6,10,1,fed,dirty,sparse,angry
c60dfc986a75425d9a15d52fc9ce7956,8,4,fed,clean,comfortable,angry
ba22b99ab302401c870ff0f38c25689e,8,23,fed,dirty,luxary,nice
662b6eb8c006471586c13fba88a51db8,10,14,fed,dirty,luxary,nice
1a52c17a27ac4625a03ea1ca49ef9102,9,18,fed,clean,minimal,nice
63083ab72fba4123a61154ee831076a7,5,21,hungry,clean,comfortable,angry
c8a98df81b3a475d9e96d29f776c2be5,8,12,hungry,dirty,luxary,angry
dbcbf72e2cd84108b3d2c78a707416f7,10,5,hungry,dirty,luxary,angry
fdb7d3eb7e4c49cea72eddad76c62463,7,2,fed,dirty,minimal,angry
df6798ac29304405af507b4e3f663b7f,5,13,hungry,dirty,minimal,angry
c4586ab02c19491ebf1ae264a51c8058,4,14,fed,clean,minimal,nice
21ae4ef1f3b740f99f599d9a57dbb907,2,13,fed,clean,comfortable,nice
92fc7dd6550a44fb98ec967f352606b7,8,12,fed,clean,minimal,nice
fafa1f5fdbd64ac58b170b4095d4e133,5,19,hungry,dirty,sparse,angry
165eb3aefe45490c82b3715157562cec,1,15,hungry,dirty,sparse,angry
bae86d4f454243f398c09ceaace27a66,6,4,fed,dirty,luxary,angry
6880c741238948b78558aed4e0415d4b,5,0,fed,dirty,sparse,angry
557b7f9dc95847168b9d33dfdd6d7cb8,9,23,fed,clean,minimal,nice
17ede8d7b2994d0fab1dc698a70f14ff,3,15,hungry,dirty,comfortable,angry
56f9031037a84f1094bf7eca284d7216,9,18,hungry,clean,comfortable,angry
b61c8b24751f49d3b50f20b5ba999922,8,7,fed,dirty,luxary,nice
e73d4e9bb86f4c9aad120efb0794ac13,4,0,hungry,dirty,luxary,angry
424bafbcd7194fcf9e40977de62a1d55,7,23,hungry,clean,luxary,angry
3a103df3ca3040149f60e6f6ef34c2aa,7,20,hungry,clean,minimal,angry
84d3db87b3ab48749e508e7fe878cfd5,8,17,hungry,clean,sparse,angry
37c74e20ad3549b6a56ef9f525fb2199,4,7,hungry,clean,minimal,angry
b5fa39ec1bb944cc821a2bd01447d1c9,9,7,hungry,clean,sparse,angry
b847d52acbda4e099d6e6b3e933777ae,3,8,fed,clean,luxary,nice
4d050a1f21ff4b1c9e55406b2a8463ce,10,23,fed,dirty,sparse,nice
ea105b12527e4ac1885901e4a117c1ee,3,21,fed,dirty,sparse,nice
22970920f3524375ac5d082251495f3b,9,15,fed,dirty,sparse,nice
7d98af7056af47cdb64e2c2bc551a269,6,23,fed,clean,comfortable,nice
39a89d193aa046f1b7f93c79194aec6e,6,15,fed,clean,minimal,nice
fb8fd608eab2448daf7661fdde4ea0b6,6,6,fed,clean,luxary,nice
561ca934b86b426f848afb3d19191c81,4,23,hungry,dirty,minimal,angry
e07c2fc0aaa840d39784263c6c118380,8,23,fed,dirty,luxary,nice
b4971eb2ba254fdfbaa8359c9ecc9a89,4,15,fed,clean,comfortable,nice
d5da33104b91408ba59d0bcf68b103d6,6,19,hungry,clean,minimal,angry
01ad6ee3676e4071aad357ba1d38db32,10,14,fed,clean,minimal,nice
363d36336b444d4b833deee20270abe2,9,19,fed,clean,comfortable,nice
5b438244b8d14fc0a48e38cea48d25ef,9,7,fed,dirty,sparse,nice
db39193071ee435e94675c07f47d931f,5,24,hungry,clean,comfortable,angry
8464d5d5b1c2489e897dd91535a04a8d,1,14,fed,dirty,luxary,nice
e5d6d6fd1c6348a2a86453bd19426732,7,0,fed,dirty,sparse,angry
d7c60ce5a01a431881fa4b66392b9710,4,2,fed,dirty,luxary,angry
c89e4059d3d64538af9b6f7286373065,4,8,fed,dirty,sparse,nice
14f31439ffc04506a9302f16fd00941e,3,5,fed,dirty,minimal,angry
f0c76846cdba4f8bb239da6ddce5352d,8,8,fed,clean,minimal,nice
079e853889054fbf9f7f73e3433e0748,8,21,fed,dirty,comfortable,nice
2215881fbd4a40ec9deca7de2b8fbc14,10,4,hungry,dirty,comfortable,angry
d9c6c89faf8342cc8967a249f6018464,3,24,fed,clean,comfortable,nice
833d4641751d4537a98da0a20aba98ee,4,3,fed,clean,sparse,angry
16ceb5a876fc459faaafaf08b8f97809,8,12,fed,dirty,sparse,nice
87c6e799ad354d6fb4f1de40d3423918,8,1,fed,dirty,minimal,angry
adcc15f405b848c59b20930db54c2e3e,2,21,fed,dirty,minimal,nice
52762eaf1701414ca1b84b3d10007b4b,1,12,hungry,clean,comfortable,angry
c4bdcd3b27b04871a6c5f55cc5b7c857,9,23,fed,dirty,sparse,nice
baff423e9c634fe28d6e7cf8cc73934e,5,2,hungry,dirty,luxary,angry
4e980f8d0a9b4b548e54e41f33e50efc,3,19,fed,dirty,luxary,nice
439834bd2785451cb1648f161e84682d,6,21,fed,clean,luxary,nice
b1c1e9d5ad3b449d92944c10b4e9f4d9,9,7,hungry,dirty,sparse,angry
d24c7fc282c64049ad8647a4db852260,6,22,fed,dirty,sparse,nice
9d7772a939344a05bba3504a4c17a561,9,5,fed,dirty,comfortable,angry
c7ca8f8d6e0c465eb400bd52c73ff138,5,0,hungry,dirty,sparse,angry
ccf0c122b42b43628af2fcd182400ab9,8,1,fed,clean,comfortable,angry
573a90ae1cfd4e3db87f89273357d6bf,3,20,fed,dirty,comfortable,nice
a94abb42b98c4171b222f16adf48f8f7,7,13,fed,clean,comfortable,nice
05d7564f684c427083ff3a339624020e,8,19,hungry,clean,comfortable,angry
e7137c85a5484ec8bafe0deea21bf4b1,9,14,fed,clean,sparse,nice
eb8cb29fd4ae457e80618077fbad7bbb,4,9,fed,clean,luxary,nice
c34a7b6a902c47139e1f668fafa611db,8,2,fed,clean,luxary,angry
57aadfe43f4f40c7a4612d947c1c3635,3,6,fed,dirty,minimal,nice
2c4931324c1d4a10b4be97daf3779d92,9,14,fed,dirty,minimal,nice
ab79e2fa51374419858410cb0e336dd8,5,9,fed,clean,luxary,nice
935c8fbea95841498198ffdc4cdae1a8,10,17,hungry,dirty,luxary,angry
130b64554f0344a191d5789ddc2e7dcc,2,3,hungry,clean,sparse,angry
6527e7f8371349bd9de5c38fbbd1ecf5,5,0,hungry,clean,comfortable,angry
feaaf941e5404f4888b9ecfb5d5bb21b,4,4,fed,dirty,sparse,angry
9d988d930d214f2297c51b1cde2c5016,6,9,fed,clean,sparse,nice
56df4547e04f4499b3941552973dbf2e,10,5,fed,clean,luxary,angry
52211ef60df24b74903900b00d6b6ec6,9,23,fed,clean,minimal,nice
8e0f6c64e6674b04b277783ec356c08b,4,17,fed,dirty,minimal,nice
917d7e642c0144278b12dd0d03930d6b,7,3,hungry,dirty,sparse,angry
1748544e39e144ba81977c1995ddee20,3,5,fed,dirty,minimal,angry
4a9be21d22ab4e6d8ec46170d5ab71f9,10,23,fed,clean,comfortable,nice
e3cf2215c2f14cf4969e913ddc1401ca,2,4,hungry,clean,comfortable,angry
a8394aac62694a23b7685190933e0d3c,1,6,fed,dirty,sparse,nice
07f126e64da540ef932ac188ec7901f2,1,15,hungry,dirty,luxary,angry
9e3d3a4a5559452885c65007cd0a66e8,5,16,hungry,dirty,sparse,angry
da028fd1f34242929a81edd252b46197,5,20,fed,dirty,minimal,nice
6afd046d014f4eb9ae50d5db093b8bd6,3,20,fed,clean,sparse,nice
24e7d173187949b7bd42d7b137be0228,10,20,fed,clean,sparse,nice
3b27cb9d786c479e94a1a7e6529f2b6b,2,19,hungry,clean,luxary,angry
9b810d3c0c1442fa889d01a05123bb40,7,4,hungry,dirty,comfortable,angry
b5455deece3445c9b5c79f993f8e4570,8,8,hungry,clean,sparse,angry
d26edf75522a4ccda410be94f34834f7,4,6,fed,dirty,minimal,nice
9167f80dfcde4e9ea1a7676bc4512a7f,2,12,hungry,dirty,sparse,angry
2e6a8263a0ab48d1a74f8ae8f43f7c6e,2,12,fed,clean,comfortable,nice
dd5a9ad7a54346be9ba12c69300b4eba,3,6,fed,clean,sparse,nice
6a7716fd3e0c40e3911575c0631cc083,7,12,fed,clean,comfortable,nice
82006f8f57984317818832bb8d69f646,3,20,hungry,clean,luxary,angry
5afc2daa74b84672bbeccba483b2957e,1,2,hungry,dirty,luxary,angry
2b39fd45d02643a094fd4a2a38721d78,4,3,fed,dirty,minimal,angry
6f241dbd07a046e7a55bd8a3d2ab7238,8,24,fed,clean,minimal,nice
c0f54a2fba1e4720a6a0d6a22cffced7,9,22,hungry,dirty,comfortable,angry
79c2f10dae0d4df5a91700ebde1cdc6d,1,10,hungry,clean,sparse,angry
1f2df9697cb3445ea502ff65edb82718,9,15,hungry,dirty,minimal,angry
2281e9108b864c168f479d37c88a6119,8,16,fed,clean,comfortable,nice
dced77ce1f8547019d5b4d99773d74fe,9,7,hungry,clean,luxary,angry
ed25cca583e04c028f5d0cf05e874a7e,6,9,fed,clean,sparse,nice
1707ada3d3084dbc96bd788ff83a560d,10,23,fed,clean,comfortable,nice
3ae02a4c3fe6422790de6b2bbb7a78ba,1,19,fed,dirty,sparse,nice
271191f8f31f4f41bb9d3675cde52573,10,0,fed,clean,comfortable,angry
c32132341d964cf8b87b17a58014fe96,10,7,hungry,clean,comfortable,angry
f1515406faaf4ea081a6bfebbcde5223,10,2,hungry,clean,sparse,angry
d14fe50fed0f470f8cf7fe2773378776,1,9,fed,dirty,sparse,nice
a18d897fa4ca433db2559b74bc565f40,1,16,hungry,clean,minimal,angry
7b127ee346ce47af98c8f46116346314,7,22,hungry,dirty,luxary,angry
7fdefd4bbc8b44f5be8f2a2e29ea37a8,3,15,hungry,dirty,luxary,angry
90932b9b9bd84d978edde7ea54f68ad5,10,13,fed,clean,comfortable,nice
71c8d5cb16904f48bd0d6a53964a43d2,9,6,hungry,dirty,luxary,angry
ef2b33cd5a494c559ae0078cd9072b0a,1,4,fed,dirty,comfortable,angry
d5c0a3fe7ee943c9b79587c1b16e20d1,5,14,hungry,dirty,minimal,angry
e95bc32f5d3f475a9486f9e745556b6f,3,19,fed,clean,luxary,nice
fcd4dceeb9b84eeba73e7e693d7a2fd4,7,0,fed,clean,minimal,angry
8cf27075f55c41a482ea845ddd1f2c99,1,16,fed,clean,luxary,nice
cd4fd9119d614452b4282ba9b88aa7c6,7,7,hungry,dirty,sparse,angry
959609ddd7c54420a11cc70e7a909824,5,18,hungry,dirty,minimal,angry
3b0c919fcb6c417a9b373467f0e35d25,3,8,fed,dirty,minimal,nice
6e9b80de0cc7488ba91f303b57d34861,9,5,hungry,dirty,minimal,angry
07d3c3f47d5a4e6b9e4b52b926ca4d5a,8,6,hungry,dirty,luxary,angry
7e121f1338514a60800ea454099c1132,9,5,hungry,dirty,comfortable,angry
df41b1e0ee97447e942bec37c80e82f3,9,1,hungry,dirty,minimal,angry
2650c7e3e9ab4705909279dae881c4d8,7,11,hungry,dirty,luxary,angry
a32637f1c70043998828184a87e1621a,10,3,hungry,clean,sparse,angry
2b790e6fe8c84bcc806bbc93ac5c2c4b,9,9,fed,clean,luxary,nice
e1d817a4d8294c23893c4b4fc8e6a93f,8,7,hungry,dirty,minimal,angry
917f9fa4a0da4f5588ea34220ba901cf,9,13,hungry,clean,luxary,angry
c6cad7e9260a4837ab8f60e7bdd70bee,9,16,fed,clean,minimal,nice
4b5fba2d415e4412bd3c2ce1ba35b348,8,17,hungry,clean,luxary,angry
33de9b399ec34c02a6fc96def287d783,6,0,fed,dirty,sparse,angry
9bb2daf9b8d9400e9a0e8fa23611962a,8,15,hungry,dirty,minimal,angry
94535731b1514dc0b3bb3a59951581ff,10,15,hungry,dirty,sparse,angry
235c47990d084030ab4cd3bbf08a4896,8,22,fed,dirty,luxary,nice
c0103b3366704abd8750291dc3532dcb,2,20,fed,clean,minimal,nice
57ad3e88cfc945b8ad52401506916487,6,1,hungry,dirty,luxary,angry
f9ddd04765344260ad3dc6bee028c742,2,23,hungry,dirty,minimal,angry
ffbee26a690d4cbcad0e2200be0d6e34,8,18,fed,clean,minimal,nice
4f376d71b174481a9c5865619ffd8fb8,5,21,hungry,clean,minimal,angry
c7bb5247e6db456ebddec7abdb0b3dc5,10,0,fed,dirty,sparse,angry
5bb1fb9f39d845e1b23494b46c7a088c,10,4,hungry,dirty,sparse,angry
f4c5d70b02cb4d9a8fded253cef9604e,1,2,fed,dirty,luxary,angry
657aec83d6394e638bd5c05bc65e4d7d,4,1,hungry,clean,luxary,angry
98934d5236ef47369e1b65b3c004660a,7,15,hungry,dirty,sparse,angry
dc717a79e40e4bee8d6365e63d3b4fd5,8,19,fed,clean,minimal,nice
d122530032c64f72bded96cafd4d2d6c,7,10,fed,clean,comfortable,nice
f003f927e0534dc8a8863f639d3860fd,7,7,fed,clean,minimal,nice
35ad635e7a4d4392b47114977dcd8592,5,14,hungry,dirty,minimal,angry
322ceca69cd74b0a92c080e14175dc29,10,1,fed,clean,luxary,angry
b7f25764fa7c4f35af5bc3b97d6e73c9,9,4,fed,dirty,comfortable,angry
aca342eb44754ae984cb8c1542db0c6b,7,23,fed,clean,minimal,nice
1d2ca1fe8b8b492bb4817ab6ac344906,4,1,hungry,dirty,minimal,angry
51249529c4874709a4dc09041a784827,8,17,fed,clean,luxary,nice
cc551cb1251a484ba1dc7e9b00748e42,6,18,hungry,dirty,sparse,angry
527871bef92c46b9a8930d614e5a7b45,4,2,hungry,dirty,minimal,angry
109fbc93d992499fb0831290840d2618,8,0,hungry,clean,sparse,angry
8c0454d4f3d04725812ad966e8d98623,1,1,fed,clean,minimal,angry
95871307b68f4e2c8c0d6ded4cb61d79,7,22,fed,dirty,comfortable,nice
100aaa55174d4e27848bc909e4e64ef9,8,18,fed,clean,comfortable,nice
fdc100ec00934ee1b91cb2d40784c783,5,7,fed,clean,luxary,nice
d5ea8c4c2bdb453193a2f4793788358c,4,19,hungry,clean,minimal,angry
8cfbe5ebb91d4e12bc8a0e1e07bea91a,9,16,hungry,dirty,comfortable,angry
6b9671b080f7454ea6c2c63b420c3af0,10,13,hungry,clean,comfortable,angry
0e80c09b5e884f20974d690e2b9093b6,1,13,hungry,dirty,luxary,angry
f18a04cb93b74541bb406aeb9240ea60,2,4,fed,dirty,luxary,angry
696b42fa6bf94aeb91e933d37683f1b1,8,5,fed,dirty,minimal,angry
4485f7f40dac4689bf3e29d81b74c16c,2,3,hungry,dirty,comfortable,angry
92516f9b16bb4b7486d2dc73ee8b5029,7,2,hungry,dirty,comfortable,angry
c31428a552d44e3896ef37e271d84261,9,1,fed,dirty,comfortable,angry
f73d440df1484b5eaf9d24ff4cefeccf,8,20,hungry,dirty,luxary,angry
bf4d2075603445898743c12b71360499,7,24,hungry,dirty,minimal,angry
2fb504dc974b4e0e8ee89075f542c1c1,5,21,hungry,clean,luxary,angry
c7fafca98d75474fb8672477d6674de7,10,22,hungry,dirty,sparse,angry
3b5b2de9abaf46ab9eec68fb096112a3,4,22,fed,dirty,comfortable,nice
efda49c9d86544f1ad3a167150ac0b87,4,20,fed,dirty,comfortable,nice
5a59a09e780f4231acdb2cce50e2c5af,1,19,hungry,clean,sparse,angry
c70119fbb30f4f6f9fce83383a886df8,5,4,fed,dirty,luxary,angry
566aac4731bd414cb7d34ea85a05fe7a,6,22,hungry,clean,sparse,angry
b48374bc27434285b27581aa5dcb05f3,1,10,fed,clean,luxary,nice
819fd2f81e6f4db3a4f9462e06604c56,1,17,hungry,dirty,luxary,angry
1a5cd9141d1f4899878c1adf0bf86dd5,5,10,hungry,clean,minimal,angry
9e40e11e1e034059be2e1fc4a3c02d7b,9,0,hungry,dirty,luxary,angry
ee7c0f4da94b4cd5838b142e6338afee,1,18,fed,dirty,sparse,nice
23077d8ac25d453389d4496089ba419e,8,1,fed,dirty,minimal,angry
af5546bfca02403baa5e9d85af4ff872,7,9,fed,clean,sparse,nice
a81a601edca64f8dbbdda022d5d6bcf6,6,5,hungry,clean,minimal,angry
8f7c6966f72446eca7e09c60b5712407,5,5,hungry,dirty,comfortable,angry
4c09329c9db14aa4a15e7c28b4a04b23,3,15,fed,dirty,minimal,nice
00507119080b455d8a0326102aa685e9,4,23,hungry,dirty,sparse,angry
270ade74e7ee41cea38edbdee5f0f704,9,24,hungry,dirty,minimal,angry
fba47cd6866e4763ad33f05176727231,2,10,hungry,clean,minimal,angry
23792a01d11c43fa88a17654d75afe3e,10,10,fed,clean,luxary,nice
21ad7c03b2d04dd3baa1e0daca2bdb07,7,19,fed,clean,minimal,nice
e233960e37a6425dba9172888e319d44,4,20,hungry,clean,comfortable,angry
3b67e2a811044042ae59108a632df0cb,6,16,hungry,dirty,minimal,angry
ec6c8e97049b434eb4837dd01f28631e,8,8,fed,clean,minimal,nice
733081e26c02498d9a25bb151083aa0a,4,8,fed,clean,minimal,nice
a9892ba21ecf42f48893c0eae7573662,8,20,fed,dirty,comfortable,nice
4f6908befbd84ef0b8f3774c8286bdc7,2,17,hungry,clean,comfortable,angry
7eb06fbe2ee84d07bb5b553027c21b9e,7,8,fed,dirty,comfortable,nice
5f572431620740e6b833e03bd61f819c,1,19,fed,dirty,sparse,nice
1a524585a62442ce8f9b1de702242085,2,17,fed,clean,sparse,nice
2714a847030640f08133ba0f167a56c7,2,12,fed,dirty,sparse,nice
a89f333c250341148449db2593f93f90,6,11,hungry,dirty,sparse,angry
d9a9de8b144448ea98f835796106ffc0,5,24,fed,dirty,sparse,nice
b47e7b30e89e479c9ef3274e6184e3bd,8,9,hungry,clean,luxary,angry
55ee403fac514a769a87e1cc640d3f64,9,5,fed,clean,comfortable,angry
c663d1456a2f4526b0103951e8dbb470,2,5,hungry,clean,comfortable,angry
d9c1bd482aa84d82a0c83ac4b4c22753,9,18,fed,clean,luxary,nice
5dc31f977e0a47d78fd21b8da7747369,2,16,hungry,dirty,luxary,angry
d9f0d22a6db14e2eb2297fab2d450766,3,6,fed,dirty,luxary,nice
ef4f4fa9ec234f9099e9aa6aa15e2254,4,7,hungry,clean,comfortable,angry
379ea0aa412e4997ab884d56e0b897c1,6,13,fed,dirty,minimal,nice
8f9210ed89864665b933c4895515ddc7,6,1,fed,clean,sparse,angry
184c9165afd44c8187246725562af375,2,19,hungry,dirty,sparse,angry
3512260188b94aba867bbd4e1c2d4eeb,10,24,fed,clean,comfortable,nice
12dfc25c1ec44908a7d65e384ca64ff7,5,6,hungry,clean,minimal,angry
4186110a849c451b844ef1cb5a4c1587,5,9,hungry,clean,minimal,angry
a4c1edc4207b4083a5c64d8a628ed3be,5,0,fed,dirty,comfortable,angry
6a42a59229664de2baddf69958383729,10,22,fed,dirty,minimal,nice
0059a2002857401d8ab198dcf2a64088,3,18,hungry,clean,minimal,angry
57ac2714690042e9a1b4ad6762984702,4,17,hungry,dirty,minimal,angry
876078e8c08b4e2c8c941d7e22c3b9af,1,20,fed,dirty,luxary,nice
8258f02c3bde4ae48e9cd6a222d6e78a,7,1,hungry,dirty,minimal,angry
b65274d28b4e46d4ba3a590d3341c994,6,10,fed,dirty,minimal,nice
5cdf2ec0a52040538b56a6a525b89e81,1,9,fed,dirty,minimal,nice
dc01c4026be44b4298582a8f0b7d9b42,3,22,fed,clean,comfortable,nice
d230f05225cb4ffeaabd4f63f3d3585e,6,3,fed,clean,comfortable,angry
21452e97231546838b3738ca01b4f218,2,10,fed,clean,comfortable,nice
fa24ac39219f46fba861621f8f2244a0,1,13,hungry,clean,comfortable,angry
ca1a01bdd55941468c9d915d54a4bdab,1,22,hungry,clean,comfortable,angry
171e78bce1b94eea8b49c7a7bf83dd5c,6,10,fed,dirty,minimal,nice
317ae87af585405c97498ab110355549,10,21,hungry,dirty,minimal,angry
4f019a52f3ff4d8ea3bba757a846af19,10,24,hungry,dirty,sparse,angry
eb4093ec16ab422d805d957069b808b1,8,16,fed,clean,minimal,nice
f37d912d599d4b839fca055d8bdf54c8,7,15,fed,clean,luxary,nice
3c32956efd134737b48e9e060d02cb33,4,9,fed,dirty,sparse,nice
e01202641c0a46d8b98d14522d166b48,10,12,hungry,dirty,sparse,angry
97cc77b6df854ef6adf2da7ef40009fc,3,1,fed,clean,minimal,angry
1b2ba07e61aa4288b4655734aac027c9,5,21,hungry,dirty,sparse,angry
cf82f451a415435e885e856211a6442c,8,6,hungry,clean,minimal,angry
3d26f05cdb6b44e38aed03e2cda087c5,3,10,hungry,dirty,sparse,angry
33538bbac2024414ba2191cdf20873e3,8,4,fed,dirty,minimal,angry
7278ceaf23d34a0f85ed812b76407249,9,13,fed,clean,luxary,nice
0abe6ac1237543e285c723a455d1670c,6,23,fed,dirty,minimal,nice
8967f5e6220f46ecb19a58404407f232,1,5,fed,clean,sparse,angry
60cdd6af98c044a2816b8780553920c3,6,2,hungry,clean,sparse,angry
8019b83f59dc493080505d5ebddd579c,9,2,hungry,dirty,sparse,angry
507e970775134c288eed760525e8a61d,9,6,fed,dirty,sparse,nice
73b9d14389324d37b89634697ceeb146,8,11,fed,dirty,luxary,nice
a8f496b189d44250a06ee7fbe85dbb83,9,24,fed,clean,comfortable,nice
db96ba92c22640d3ac9fa810dcf25851,5,22,hungry,clean,luxary,angry
fb6c1b2544b64febb1afaf6340a16357,5,16,hungry,clean,sparse,angry
6a8bf34b6b704130bef304069f26da27,3,0,fed,dirty,luxary,angry
9a965e7dd96f4265805de23dc36a0207,9,10,fed,clean,luxary,nice
72f3f0bf7a9849e99efa62574b481937,7,5,fed,clean,luxary,angry
820db42179fc468fafc509fa78751759,5,22,hungry,dirty,comfortable,angry
b00e0f953073477eaaafb3020524fb18,10,10,hungry,clean,luxary,angry
8be0b99f8fac4d9ba626faee3c3f17d2,5,20,hungry,clean,sparse,angry
c937787493ec46388091bcf272169974,4,17,hungry,clean,luxary,angry
da024faea6294a58a88cef7dc4c84cd3,8,4,hungry,clean,luxary,angry
a09650a227ca498d8cf97ba2a3fdb490,8,15,hungry,dirty,sparse,angry
a8457bfc31de4a4a91dd42ab6db2717c,3,18,fed,dirty,minimal,nice
e69c5388868a4eada9b8dfa80addd68b,9,23,fed,clean,sparse,nice
1bdc110fe2854fd7aedafc4c6a0e1206,10,16,hungry,clean,comfortable,angry
5d483724843d42b38458ca8aa0308951,1,24,fed,clean,sparse,nice
0d0e624bc6554baa9aa2b7f9c75e16b7,3,6,hungry,dirty,luxary,angry
76f9fc2621824c96950f48d7eee86453,6,21,fed,dirty,minimal,nice
fc63d426c7f648fb807a8d64b3b4f47a,6,14,hungry,clean,sparse,angry
9f9b2685710143a7980c8a1701ca31a5,8,1,fed,clean,sparse,angry
44debd32110e4ae7a28624a5ec810ec9,4,6,hungry,clean,minimal,angry
dccb17494d734c98b1fc5fa182c96762,4,3,fed,clean,sparse,angry
34540d2d5ae241c580417584720bbb1b,7,23,fed,dirty,sparse,nice
bb23d4dea48d4e67b5e2dd9afe466c7a,6,9,fed,dirty,comfortable,nice
97e641425ddf4341b901c0b203040c96,1,8,hungry,clean,minimal,angry
5a0369b82455447fa93b66e98b89ba45,8,7,fed,dirty,luxary,nice
ee58f68121cf4c9daf470f672e3416c6,1,0,hungry,clean,sparse,angry
e14d802b909e448195b4209a9739237b,10,5,hungry,clean,luxary,angry
0f6a364a7bfa417eb28b78f2da712412,1,13,fed,dirty,luxary,nice
1ff1e03e7a754639a30dda3080a936ae,2,5,fed,clean,sparse,angry
1597c4153188495a88dec293cf286e3b,2,14,fed,clean,comfortable,nice
46c7423da2724631927e3a2896adfe4a,1,19,hungry,clean,comfortable,angry
68eb7fbf4d294be8beb4feea208f8c17,9,0,hungry,clean,comfortable,angry
8abc767394cd4bd89f6d763d7fd22872,4,16,hungry,clean,luxary,angry
ef35b6a5363a404487776d3f8ab05360,1,23,hungry,dirty,minimal,angry
344da925016d4a5192ac2f564b2d1efd,10,5,fed,clean,luxary,angry
817570f3909844ccadc5992b46df96e1,2,19,hungry,dirty,minimal,angry
49725f97b3d54a56be22edc2015e9485,7,9,hungry,clean,luxary,angry
1e204db010514721a5a7906d68dc4c0f,10,7,fed,clean,comfortable,nice
6502cd0dccaa447cb1e1751dca494814,4,6,hungry,clean,minimal,angry
71e9351683734e03a2b1aa36a2312a30,1,0,fed,clean,minimal,angry
78569365ae3742cdab9f3065d26aaf7a,9,14,hungry,clean,luxary,angry
c665f9aa27944a7a99382686ebfe18c6,10,2,hungry,clean,comfortable,angry
0fc38240ecc34e0fb78d5e023d8e17e8,3,0,fed,dirty,comfortable,angry
b7acc2d35a8b4fa7b2689750928f14f9,3,15,fed,dirty,comfortable,nice
7b8b58a99b0745a98e2393fce769e7c5,10,21,hungry,dirty,minimal,angry
09d174306a0f47e78f54fff252b4c96f,10,9,fed,dirty,minimal,nice
f584449b88734ca3a3353f47313a5a5d,10,1,fed,clean,luxary,angry
200b052d5f7a4fe9b1e16e7a21bf7080,1,24,hungry,clean,luxary,angry
69ae6e73742c4a21a615b76d52aea89c,6,22,hungry,dirty,sparse,angry
0b583b58a7604daeb5494cd68efdebd4,7,2,hungry,dirty,comfortable,angry
1162595c2085424eba404a0b3b52b59f,1,12,hungry,dirty,comfortable,angry
439ebe9251734279a94efb4d1e5db323,4,7,hungry,dirty,sparse,angry
67f4ef97999646a691843cf5940f3c17,5,13,fed,clean,sparse,nice
f8db6d3278954d01a4c3a2db091fe192,8,14,hungry,dirty,luxary,angry
7d0daf56589049cdaa2cc925213a3bbe,8,11,fed,clean,comfortable,nice
16549535598a40cab9f8a876f7fdc0e0,9,7,fed,clean,sparse,nice
bf372cad1e094147b44f6d580cd66110,7,6,fed,clean,comfortable,nice
5aebcd3fb9f347d8838cfd126026d68e,3,2,hungry,clean,minimal,angry
22fcc2ace13f41d6b5718574be2d67fd,1,0,fed,clean,minimal,angry
baa9dd03fc92471d8bccd6a97e236371,10,5,fed,dirty,comfortable,angry
13c09b20a1344757824c86f44ccceb0a,7,20,hungry,dirty,luxary,angry
cce3912579134f33b1f37ad6e28345d1,1,10,fed,clean,luxary,nice
5193e36a2d564624b0c7679323947668,10,11,fed,dirty,minimal,nice
ec4fda94e2eb4679bed0291989bd5db3,5,11,fed,dirty,sparse,nice
f712d344745f40d38ca82306eabded5f,1,23,fed,dirty,comfortable,nice
ee8476a143574a39b5b9d840cd203248,9,9,fed,clean,comfortable,nice
0d0cf9d0c30a441a9be94fd36716ae4b,2,5,fed,dirty,minimal,angry
bb3be2daeb08456c89d6fe55ceb1c9ae,1,11,fed,clean,sparse,nice
d6a573b1e519454eac308a16542d1b75,5,18,fed,clean,luxary,nice
0496780c5f9e4319a2b943e85a6a7b3c,3,17,fed,clean,luxary,nice
1536c94abfa64eb88f7ac65097ded1e1,9,4,fed,dirty,comfortable,angry
b19befddafb342e786356eb9274e0f7b,3,1,hungry,clean,minimal,angry
198214ff4704494b92dc722fde0f4314,7,6,hungry,dirty,comfortable,angry
cf8c2ffe4c244b458a4b6a5e0bd3b747,5,9,hungry,dirty,comfortable,angry
3ceaf97bd829415ca1bb2f8e098e3b5f,3,2,hungry,clean,minimal,angry
a104b184db2648f6afc03a95db679383,3,16,hungry,clean,comfortable,angry
02fe9597fcf94d8bbaa6be3c24f11ee4,5,15,fed,dirty,comfortable,nice
a78b08a612384de793e5d33e59feb996,5,24,hungry,dirty,luxary,angry
7d8008903f7d45c9b447f54ab4517631,3,13,fed,clean,luxary,nice
ee7fbf33b686429b93fc3093d6abf30e,6,6,hungry,clean,luxary,angry
1f89531be32b4f9ca1653368f3756387,5,16,hungry,dirty,luxary,angry
b0469dfeb5a746b6ab096353e68e4b97,3,16,hungry,dirty,comfortable,angry
9294776710f7422180debb35dc07dd70,7,20,fed,clean,minimal,nice
a3eae4ba9ebf4481b1059c819d5789b0,9,2,fed,dirty,comfortable,angry
7c1296fc1c1f45bf8c0504be0bdf2761,2,0,fed,dirty,minimal,angry
8cc48b3fb0044506ac73897e7acca69a,6,5,fed,clean,comfortable,angry
e011c11f66264d4195857c11d5e8a2ac,5,4,fed,dirty,sparse,angry
6ec1e90cd5b74c1bb9bfbbdbd5a3400a,3,13,fed,clean,sparse,nice
90a9559cf7dc4e28a56b19c3fb1d00ca,9,6,hungry,clean,comfortable,angry
17716580c05b4d029f761fd7aa36c512,3,9,hungry,dirty,minimal,angry
2533f67d1cb14b91886bf6c376b3b78a,10,4,hungry,dirty,sparse,angry
b2a8ee2795984ac1a03be56e74b07b49,6,24,hungry,dirty,sparse,angry
bb1d1f0228624d749cc0614954abf5d6,5,20,fed,clean,comfortable,nice
0faeb67a56c840a99ef1d4cf0789690e,3,16,fed,dirty,minimal,nice
92e8663f06f84d7490206d1e108a2cac,6,18,hungry,clean,luxary,angry
6ac96a9175d847f5aebdf9384720f840,2,10,hungry,dirty,minimal,angry
94f81d4bbcbb4b6590e0f1644be27099,5,22,fed,dirty,minimal,nice
a1423b02cfbe4b4a8449af539f9a3e72,9,14,hungry,dirty,luxary,angry
e8d26a3c9bab402eb3ea6f86ad938651,5,10,fed,dirty,sparse,nice
0a64fd19708240bbb0c819f21f7ca1e2,7,2,fed,dirty,comfortable,angry
e39d46f35a124b24945712f4a6b116f3,1,9,hungry,dirty,sparse,angry
35af2a7f0b4546e591578c9770571197,2,22,hungry,dirty,comfortable,angry
ae83fc7b2cba453ebef94d0d341dbeb2,1,17,fed,clean,sparse,nice
b249068fc1784845bf1ec27a64766717,3,1,hungry,dirty,minimal,angry
673befaf66d84f6191f4219c5a9eae84,8,24,hungry,dirty,sparse,angry
259d76418b264b7792f22f10ee261c31,9,4,hungry,clean,comfortable,angry
421e74d581bb4b5f9140127deb151480,1,19,fed,clean,minimal,nice
1352a6b00b1f4c06927c3b5fcbf48d76,5,22,fed,clean,sparse,nice
23f9f6d7ea9944818f6571defc8f67f8,9,10,hungry,dirty,sparse,angry
8fb0486e1d4946d5ab689de24298b8cd,6,21,hungry,dirty,sparse,angry
454d4c91579a4bd198e80605f564f93b,9,20,fed,dirty,sparse,nice
75c1f7be36d84cb2bc0a01eef3e8a341,2,2,hungry,clean,luxary,angry
a11377f56d394170a89c9c00f9bc6bca,6,9,fed,clean,minimal,nice
9ffbbb7a73bf4c36addc17077daf4270,3,20,fed,clean,sparse,nice
f156ed173a40498eb4820fa6c61ded3d,7,20,hungry,clean,luxary,angry
221acb78024d482ab318833bc2c67a55,6,24,hungry,dirty,comfortable,angry
f37990bd7284490a8acc030b4cd728ce,6,17,hungry,clean,comfortable,angry
36fff39625a44b8886303f65bd8055d1,6,6,fed,clean,sparse,nice
9b49d976fb9244fd90ec8bcbdf67d6df,2,20,fed,clean,comfortable,nice
81362a1f36c340599eec6e846d95f3a5,3,13,fed,clean,luxary,nice
bb956e9a3237407195058814c85606bd,9,22,fed,dirty,sparse,nice
0f35f1b45c234c93ad72b833f8b71b39,4,8,fed,dirty,sparse,nice
8a8c6de1d85f4bfdafb482078a6bd011,7,6,fed,clean,sparse,nice
40d9684c760d4f57850027690898c283,3,17,fed,clean,comfortable,nice
de5d225004a44fd0aa7eb173ce53e21c,8,7,fed,dirty,comfortable,nice
6954fcb081fc42f39fabbabf00070bba,7,10,fed,clean,luxary,nice
e481b10a919746509c7dcabde7cf2f31,9,15,hungry,clean,comfortable,angry
ef09de51dcdf448bbfaa796b838e8b86,10,23,hungry,dirty,minimal,angry
e0259044ca2146efb3927d2f38ff231d,10,2,fed,clean,minimal,angry
9601e9302250456580ea6b03e65878d3,2,13,hungry,dirty,minimal,angry
0c7c207a387d40f184dedf55f0ee0774,2,12,hungry,clean,sparse,angry
762033c2e24d4d79808b6591828fad5d,4,1,hungry,dirty,sparse,angry
e00d4d1f104a479f802e8a33801e50a0,8,19,fed,clean,comfortable,nice
bc0f6de24930419890244b3a7efcc0d5,8,7,fed,clean,minimal,nice
4aa7ae564d0242e2a5a61b537464d3ba,9,16,fed,clean,luxary,nice
bf0417f2e76346228e1621a0f4a13afc,9,5,fed,dirty,luxary,angry
f75882d1d6ff42568f8fcff9e5eae3da,9,10,fed,dirty,luxary,nice
0c2ad06b95da4c198847218d619866c3,1,2,hungry,dirty,minimal,angry
0af30f94762a454cba6c080e9caee4d7,9,7,hungry,dirty,luxary,angry
139d2ae912f54778845ae924b274cdea,4,16,hungry,dirty,luxary,angry
c65fe4eb8d044a9badac775adbd8900b,6,8,fed,clean,minimal,nice
e2659860a77b41d7a76fd69b29e8efc3,2,5,hungry,clean,comfortable,angry
4434c48c6b5946009aab4e8149fbfdcc,7,17,hungry,dirty,luxary,angry
7b25552e5e17473aa6e681557e5066c2,2,3,fed,dirty,comfortable,angry
ca881fab707b4cfcb4af6ef7fe9921c4,3,21,fed,clean,comfortable,nice
b3d3f10b61c349a1b3811a7afb339e42,5,15,hungry,dirty,luxary,angry
712eb3fe8b44411e8c397257fb3e9ae4,3,19,fed,clean,sparse,nice
be5be3f718a34bb590c4cd2ff2f22cdb,3,23,hungry,clean,sparse,angry
80fc982b4e89453da78cde32e416c27c,8,23,fed,dirty,luxary,nice
0a6f4fedaac54f66bb95b76ec4b4cb47,5,16,fed,clean,comfortable,nice
f284b27230e2487ba0507c3b76ee45d1,7,4,fed,dirty,minimal,angry
d9b1839d1978404f99438efd194aeec6,10,3,hungry,clean,comfortable,angry
7bf8868b73bc4e44bee82345841bc94f,8,6,fed,clean,luxary,nice
4c5a28dfb5f646baa1a0fc73be9eebb9,8,14,fed,clean,minimal,nice
cfe1840e11ae48e2acdce5a770196f0a,10,24,fed,dirty,minimal,nice
a920c7ce5911404a845f97ce6b4b7c56,5,12,hungry,dirty,comfortable,angry
df93867061374a3ca53d68b6f9b26432,2,14,fed,clean,minimal,nice
5496e1e853d9412295f2393854ad5ada,1,9,fed,clean,sparse,nice
c3708b6b5a364e6daa11568af390406d,8,2,hungry,clean,minimal,angry
76702e17818e4e2b9fc1bd3e986a45e7,4,17,hungry,clean,comfortable,angry
c119b845ace548d6844b9599ae9784be,7,22,hungry,dirty,minimal,angry
63652a38590b4b3c8af5ef5fcc5fee6d,3,19,hungry,clean,sparse,angry
8a75d1ef571b450ba7e612e8a7fb94da,8,18,fed,dirty,luxary,nice
070e83ed9682478698053fdaebc9ff45,1,5,fed,dirty,sparse,angry
29c51456dac24a2fa7f778b7e960e4b5,7,24,hungry,dirty,minimal,angry
bbb45efc0b3f4daca4645a7895e8d20d,8,6,fed,dirty,comfortable,nice
c3d6b5e8df00419fa6e70feb2ca3e5bc,10,22,hungry,clean,sparse,angry
9d42343c8bd44c28aa58c1caeb3a9460,2,10,hungry,clean,minimal,angry
91c14d8b66f64218a6ec96b1ef34b27f,10,23,fed,clean,luxary,nice
7afa0b7e0f6a447ab02b17b5ef6eebcd,9,16,hungry,dirty,sparse,angry
b4f1c427d80d431cb094aebfd14aaa8c,7,2,hungry,clean,sparse,angry
950247db758e470a940327a3491260da,6,23,fed,clean,comfortable,nice
4f0d18e597a646c297b34b8bb3ab588b,5,21,fed,dirty,comfortable,nice
e9b8b28214ad40018248a2f4c13e25dd,4,18,fed,dirty,luxary,nice
98ecf8033f444bf1a298397301ed548a,5,23,fed,clean,sparse,nice
737eaca6e8f64875952c587fbb8180d5,7,19,fed,dirty,luxary,nice
31b1a382f1834ae2a21fb907247a152a,1,6,fed,dirty,sparse,nice
79075ae877b3493c8639acee06198169,1,13,fed,clean,luxary,nice
53d1cbeb142a4ecbb9ed63df357c64c1,8,7,fed,dirty,comfortable,nice
036cdaa61f68415cbb07dfda2a4660ee,4,2,fed,dirty,minimal,angry
f0c41dc4abe94a5ebb1a7ca19d7e20de,9,3,hungry,dirty,minimal,angry
858199b9a826494e9ff839517b88c862,9,10,fed,clean,sparse,nice
3ec9ef0d93614d788e8568182875b3c0,2,20,fed,dirty,luxary,nice
86c05c5cc4df4344bac03b172c9714a6,2,2,fed,clean,comfortable,angry
623d528c4c97450db4c000eacf74bf0e,8,12,hungry,clean,luxary,angry
8597d7be0b8b4ca1ba77c9fecb0574fe,7,10,hungry,clean,minimal,angry
aad394e3f24e4029bc7d963a8a4d8092,10,0,hungry,dirty,comfortable,angry
109608264e994591b3339de718ab3768,10,14,fed,dirty,minimal,nice
bc9529d2d0a8464cac26d18039038d55,1,5,hungry,clean,comfortable,angry
8ec7bddaafc94d738986c1d98a375c0d,3,24,hungry,dirty,sparse,angry
c248d615a7db422fba9a246fcfd86af1,6,1,hungry,dirty,luxary,angry
76ca9880ca20473dafbebec125647b61,8,8,fed,clean,comfortable,nice
8dcd71ea1ef94becab373d4b579a94df,8,23,hungry,clean,comfortable,angry
b6a1dab7e6a34c2fa180273b2d7052d9,6,17,fed,clean,minimal,nice
9c153379810246798160a3afc6bdc5c0,7,13,fed,clean,minimal,nice
560ca53da21048da9dc94e2c2110891f,1,3,hungry,clean,luxary,angry
607ee216602541d6a9c5f6e8ed660f9c,1,22,fed,clean,minimal,nice
f537dab2a05f4a7d84f6cfe44c857a92,8,4,hungry,dirty,minimal,angry
d6bd8903abc349deac011b131a82a2d3,10,19,fed,dirty,comfortable,nice
de9f96097deb4c9ba3e980e0ee8af5de,5,8,fed,dirty,sparse,nice
b73ceae58e424a13b48a8920087462bb,7,7,fed,clean,luxary,nice
b307b0ba225343089fa1d37b5117d72c,7,15,fed,clean,comfortable,nice
3c47ef9f83564b3dbe3a0df373a50b7d,6,4,hungry,dirty,comfortable,angry
78a80487a30142a98f5b6a7f1a89b92e,3,7,fed,clean,sparse,nice
bf4a33af9a844c0e9983a021cfcafc81,7,17,fed,clean,minimal,nice
4c3413c71c2f4e85b211880b24a4783a,1,6,fed,dirty,minimal,nice
6e33b5e60dbb4568a7e321531ea4a113,6,18,hungry,dirty,sparse,angry
27fc9ba9de8a4633b7a65a66ea651ed9,5,5,hungry,clean,minimal,angry
145e6da71bcd478b969f535a13064176,3,13,fed,clean,comfortable,nice
54b5cf5a48894687bba44665732be01c,7,10,hungry,clean,comfortable,angry
22315a218e7343cc8ed6c429810649c1,9,24,fed,clean,comfortable,nice
ad17aa168e6e43f7b20aff374074efd6,8,0,fed,clean,comfortable,angry
fb06b469d77a47b6b812228f355e3a90,4,14,fed,clean,minimal,nice
1edfa31e581d4e1caea5b01c74c2333f,10,6,hungry,dirty,minimal,angry
c7485942cbe34d0a96b30cdead17e218,8,3,hungry,clean,comfortable,angry
84a9002d756841ef86a37c58add95c3a,9,11,hungry,dirty,luxary,angry
6c1fe9c4e36c44a783546741dd6fd583,1,24,hungry,dirty,sparse,angry
437cbb9e71164c86a8d68d5b23e313ba,4,11,hungry,dirty,minimal,angry
343893b08d494907996c078584e204ab,8,11,hungry,clean,minimal,angry
64f77ad0031f414e8a6ff345c86ed4fe,10,0,hungry,clean,luxary,angry
5fc2841d539c42ad800927a98d220e7e,1,23,fed,dirty,sparse,nice
1b66fde2353f4ab3adb51ac45c690335,3,9,hungry,clean,minimal,angry
d92efc5cbedd4b76afd4d70ea0c0a812,2,22,fed,clean,sparse,nice
515094ca36994179ad2cb90e9aae6fd3,4,14,fed,dirty,comfortable,nice
1ef98f283188407cb7feb6d9ebc4b44c,7,10,hungry,dirty,minimal,angry
78a2c6755dd14b4b99fb724ad9169294,3,23,hungry,clean,comfortable,angry
4313ac8fea2b4e38a7519fe2904451b9,2,6,fed,dirty,minimal,nice
acc1ddba98834ebf93fe6c8598166fa9,8,5,hungry,dirty,minimal,angry
bfa48050453340cfb5c7a06dc79056dd,8,8,fed,dirty,comfortable,nice
a2870ae54fa44b6c8d94c970f2954c86,9,0,fed,dirty,minimal,angry
d2cf028a33bb425e932717aa4fd68be4,4,17,hungry,dirty,minimal,angry
05d43bf7b0e940a7a07101238196e71f,9,18,hungry,dirty,sparse,angry
053f55f76b8345ba876844a43d302d10,9,15,hungry,dirty,luxary,angry
4caee2a858dc43c19b34d1a97096c3df,5,13,hungry,clean,comfortable,angry
e2753fb797254153a2663c2fdd610e24,4,6,fed,clean,comfortable,nice
e83bbca7e7ee48509f4f217d8be2be77,6,11,hungry,clean,comfortable,angry
a66d48a6e6604b42addf1ae6066cf64a,2,2,hungry,clean,comfortable,angry
b77d1380af2c48389342893e416db20e,5,9,hungry,clean,sparse,angry
f989ed90933e4e359ddab0636de36cf2,10,23,fed,dirty,minimal,nice
d316ff7745c149fea55b9f621e03f6a1,1,9,hungry,clean,luxary,angry
8a7e2f6019564c8fafffa75e6c0f3a29,5,8,hungry,dirty,sparse,angry
52fc4039ae994f61941abd78aa947a03,4,20,fed,dirty,minimal,nice
a554b7a6908a4135a831a077b24c7963,8,2,fed,dirty,sparse,angry
2650e18579c549efad5b59f37898d52f,4,7,hungry,dirty,minimal,angry
c47c3fa70e074be0bc62cca26789efaf,1,4,hungry,clean,luxary,angry
2c892ef486164007985f36c9299f6d2f,6,24,hungry,dirty,sparse,angry
dc468eb4628a4e6c99ec791d23eeb177,7,17,hungry,clean,sparse,angry
5e104baaffaf4abb978d8f73a3016ce8,7,20,hungry,dirty,comfortable,angry
4a671a8361234f0899447d3ac3f5be40,8,24,hungry,clean,comfortable,angry
9cf55ea85c0344dfafec571c350013aa,3,16,hungry,dirty,minimal,angry
a673f716480e4f51834c722e300bb628,9,1,fed,dirty,sparse,angry
d4fcbf8b41bc4328a369adb004333817,4,20,fed,dirty,comfortable,nice
656f8419a7ab4abcbb4e147c1b29e31a,1,13,fed,dirty,sparse,nice
dc8106d516f44239a88cd88585c511b2,7,20,fed,dirty,sparse,nice
5e2337de913044be874916027ee35fe9,6,6,hungry,clean,comfortable,angry
adef1270a2624ad0910bcff33ac93ca1,5,3,hungry,dirty,minimal,angry
0b46743c8918401cad9cc8550983e79a,1,2,fed,clean,sparse,angry
8bfb5ae954384c8289560ca54421f5e7,8,2,fed,clean,luxary,angry
2bdf796cb3b744409cf2755b0959fcfd,9,9,fed,dirty,minimal,nice
5b20a3d2d5de4bc1915099b098a01160,4,22,hungry,clean,minimal,angry
1ee0026249074c5989e28a1f37c07dea,4,18,hungry,dirty,sparse,angry
e21b669eed994b7c929e357ea9e0ba20,3,8,fed,clean,sparse,nice
dd798a7021514e8cb27b6ae5994f86df,6,16,hungry,dirty,comfortable,angry
f38f8310fcc24308a0d83f89306db7b3,8,9,fed,dirty,luxary,nice
6427f9f82c2b47608a823c064d67f10b,7,20,fed,dirty,comfortable,nice
09221c6be73742c895dbd18dd1ef7f95,4,5,hungry,dirty,minimal,angry
d6bce099fff14c8d87e8abd7720bfd19,3,23,fed,dirty,minimal,nice
e84643862f9b4b089949822f72b14a55,1,1,fed,dirty,luxary,angry
8f9b4ff889164c15b269cf7084d2e129,1,16,fed,dirty,luxary,nice
67291969ca1b43f89d1c4ab5b6a97a5d,8,12,fed,clean,comfortable,nice
ac461b5c50f54565abc0802e25a73af5,1,23,fed,dirty,sparse,nice
dbeef927f1454e1fb4d48b26cf7e4ece,9,2,hungry,clean,luxary,angry
f48cf7f87bd242d191fe6bceb3bf056b,2,23,fed,dirty,luxary,nice
5d7db80dbf3140a9aa71d3e334008a32,3,0,hungry,dirty,luxary,angry
3ed7eae5389c4bb59fc901333a2c2ed3,10,21,hungry,dirty,minimal,angry
b26fb816111b4abda46196088999c0a1,2,15,hungry,dirty,sparse,angry
85754ad73e6f49d2ade5e32af64652ce,2,4,fed,dirty,minimal,angry
c243eeba5a014ba588514a3ec0bda72c,7,20,hungry,dirty,minimal,angry
78de143ea9bf4d39960a7bd82173aa7d,5,9,fed,dirty,comfortable,nice
b90a8c87ee8d46f0b454c695bf3de72c,1,22,hungry,dirty,comfortable,angry
ce1365809b61414087c1b67451b47ff1,3,24,fed,dirty,comfortable,nice
b0964d0edc5747fdb4e1cdfeee2632b6,9,14,hungry,dirty,sparse,angry
f892caee212c48ef82fedc09a64be8aa,6,10,hungry,clean,sparse,angry
ceb0f9770bef4b74bcb6c24b52dfd1f7,6,23,hungry,dirty,comfortable,angry
6418622f4e9449eaa061d73682e2844d,7,1,hungry,clean,sparse,angry
f1be8314212a473cb27544e514bc1f9f,3,20,hungry,dirty,minimal,angry
2f06a2e62810435d8b93e7c6c0863494,10,4,fed,dirty,sparse,angry
5176d1717a70417dba2bf7f3cf0bbe30,6,7,hungry,dirty,minimal,angry
e9bdfc6b089b4631af72e36f52e29990,10,0,fed,dirty,comfortable,angry
fb63b9a8db99493fb4f28a7c49861979,2,24,hungry,dirty,comfortable,angry
7be90d88d92f4163bb225a5a421c2806,4,14,fed,dirty,comfortable,nice
7c5b7573e9a14695bf7deca52d898eb1,10,1,fed,clean,sparse,angry
25f6fd1aaa44425d9e12fabcfbac21c3,7,16,fed,clean,minimal,nice
db6675cb2e9d4dc49706475f74507752,6,15,hungry,clean,sparse,angry
8efc27adea0d46359c7e5a8f2ed36078,1,22,hungry,clean,minimal,angry
44201ad5a83c436684a7ab328c600af8,2,23,hungry,dirty,luxary,angry
68a50d1742704d2c88aeaf2886f3b961,3,12,hungry,dirty,sparse,angry
7c375d3b11f84d7faa77e6b7c4b40441,7,5,hungry,clean,sparse,angry
423a2f131376437aa5da541cc00e1a88,1,17,fed,clean,luxary,nice
e5218b76219449d19f8cd44e4b54f8cf,2,0,fed,dirty,comfortable,angry
292b4a132f73468e9a2edeb714b5bba8,10,13,fed,dirty,luxary,nice
103cba9cd9bc4c69973e4311fc0c0241,3,6,hungry,dirty,comfortable,angry
126e4f8f698e40779b6619fa6c6ddecd,7,7,hungry,clean,minimal,angry
2205299d6bc2410fa271006fd6cfbb5e,1,21,hungry,clean,sparse,angry
7e20f7276ef34e07b8e827424141b73f,7,20,fed,dirty,minimal,nice
f596f22af19544faa428739474b853b9,7,0,fed,dirty,sparse,angry
01c7faf9bbb448f09f8f65d264a97d30,3,6,fed,clean,luxary,nice
be9a59513d89444e8e83df0d9448e01a,5,7,fed,clean,comfortable,nice
8e7d49bba6ed42d8a491a38aa0e70bb9,1,22,fed,dirty,luxary,nice
f8145f8cb51c4243800169a70fee3fef,1,15,hungry,dirty,sparse,angry
7188a008d62e4c6fa1e762a2cd432a6e,2,2,fed,dirty,minimal,angry
a2a492e5a5004c4eb9cd919e553442ef,6,9,hungry,dirty,comfortable,angry
f4050655174f4627890786a37db62836,6,21,fed,clean,sparse,nice
b9e44c0dfab14038ad2e64223859a81e,10,23,fed,clean,comfortable,nice
25b5d7455f284bcf8e2eadc71ff0bb09,10,17,fed,dirty,minimal,nice
e017ad0caf50431998ef1a9be4ad6f35,5,23,hungry,clean,comfortable,angry
14e68634b53e4176a73212f976715374,1,9,fed,clean,sparse,nice
d9e9603c78c342d988fc52cc0813a535,9,19,fed,clean,luxary,nice
0b265999721940418c566e20da204d71,3,24,hungry,dirty,sparse,angry
c904ee7b38bc4a289fa0d54dead16186,8,12,fed,dirty,minimal,nice
600608f92b4d482896d3cb5818b03b57,1,12,fed,dirty,sparse,nice
46144baf57594a2c93b8dbc9fc18d362,7,0,fed,dirty,sparse,angry
05bee5e862a14171837fdc02b0f3af0c,1,19,hungry,clean,minimal,angry
7859cb7708d24fd585dfa03825360693,3,8,fed,dirty,sparse,nice
733787876544498b819b1649be3bd49b,4,5,hungry,clean,comfortable,angry
e5b29c6994334ad9ab132c7b82addd1f,8,0,fed,clean,comfortable,angry
36f4e78260db4f5ca84ebf695a1f065e,4,7,hungry,clean,comfortable,angry
654f2291cf9e4224aa35fa1745f577f1,9,7,fed,dirty,luxary,nice
8c387c22ee9c46c0a556bf14b61e0dc8,6,0,fed,clean,luxary,angry
f88768cbb1794d568a522bb04ec727de,1,24,hungry,dirty,comfortable,angry
cc2ebb64fde54817a2593deb89ade6a3,1,5,hungry,clean,luxary,angry
6c4cad55502740b388eb42d679f05486,3,21,hungry,dirty,minimal,angry
1eb2ec9a644d4f728f006d86b118b3b3,8,19,fed,clean,luxary,nice
e9c3e5d85a2a44b491eef0605d0c3c3f,8,16,hungry,dirty,sparse,angry
f5c7f900a9cc463c8624946b1cea19f1,3,23,hungry,clean,minimal,angry
5312354764bd4e35bc71524febff944d,7,5,hungry,clean,sparse,angry
f5dea7f928db41cf8a353f5769ac80e9,9,17,fed,dirty,comfortable,nice
145825d462794a68b6da3399aedac6cb,8,3,hungry,clean,minimal,angry
f7250809260b477c9ade1b0bc809eb95,1,1,fed,dirty,sparse,angry
bac86df1d79243e38ffc859e26a15b5a,1,2,hungry,dirty,comfortable,angry
dae78241332540c48ce4ad40a82d8ef6,2,10,hungry,dirty,minimal,angry
c7f9ed21968b45fa9ffeac50aa4795f4,5,4,hungry,dirty,comfortable,angry
4e5208241dc6448abd01307d6caaf5e9,4,21,hungry,clean,sparse,angry
44718ca07bfc484485a265db617308a3,8,18,hungry,clean,minimal,angry
e345d818beb7482e84b099fea22cafef,2,8,fed,clean,sparse,nice
f579231609f042c2b79e995f9663586c,1,2,hungry,dirty,luxary,angry
33c4faea24b44f44a332ed2eeea5eee5,8,17,fed,clean,luxary,nice
222a4d57f37241599d1ad4eb2b1319d8,3,7,fed,dirty,minimal,nice
d224be8b3ada4cd2852bce1640401b94,2,22,hungry,dirty,sparse,angry
076110e16c5f43f786e6488d4f0a4680,2,2,fed,dirty,sparse,angry
facb2de8c29b463d9e587b4207e6d685,10,2,fed,dirty,comfortable,angry
2a93acd831b34d47a5f923d700043756,9,12,hungry,dirty,minimal,angry
d832d07c2a0347b790b509899ccd1065,5,17,fed,clean,comfortable,nice
6667607f4f9444c5ba7fa521fc3b623e,4,8,hungry,clean,comfortable,angry
63f47ddddb56492f8c1e99daca67682d,4,13,fed,dirty,comfortable,nice
b0849268dc554f72b2e678587e431e60,6,6,hungry,clean,sparse,angry
e326190f31464bd8ae8d70246c6ae978,2,23,fed,dirty,comfortable,nice
edeb2fa027994b64b2936f540cb4d1eb,10,21,fed,dirty,comfortable,nice
edc1cad4f2004267897e2090ff80f7d9,8,9,hungry,dirty,minimal,angry
ab11f055db0a4fafbeb8f30596d93fa0,2,15,fed,clean,minimal,nice
0663e78e17b14354ab62f71362b67317,4,15,hungry,dirty,comfortable,angry
1ed870b1fafd474e870e557c84476874,6,5,hungry,dirty,comfortable,angry
3dcd783e75ae4b6c9b3627f585383d44,4,4,hungry,dirty,luxary,angry
f821f428f12149acbcc990faa468de3b,1,13,hungry,dirty,luxary,angry
f25a06558f1a4f569ea66b2727b1298c,7,16,hungry,clean,sparse,angry
9399ab03c31349eb8fef7c00853ad6c9,2,3,hungry,dirty,comfortable,angry
a5a534dc55d04efa93481c69e8a7a2d6,5,14,fed,dirty,minimal,nice
e14b23e71e8f4895b7a74356e5b4c279,7,6,fed,clean,comfortable,nice
6a19c722f190456fb871266884aafee2,7,21,fed,dirty,comfortable,nice
5380f306febb4337a0b2c3023591d108,9,6,hungry,dirty,minimal,angry
ae40b9f5a64645b7ae9c24e4f9d3dbe7,10,2,hungry,dirty,sparse,angry
0efd006aa54b466287040d62e0f010bc,5,14,hungry,clean,comfortable,angry
e82197966d60428cb53d9b226250df56,3,3,hungry,clean,luxary,angry
e2093f5cab5340afb947a5a4460b0590,7,15,hungry,dirty,sparse,angry
c97aa8d93cd842a3aab329706ed73691,5,23,fed,dirty,comfortable,nice
d98d419f6b8e4003a5dbc0a6dae49cc6,6,2,fed,clean,minimal,angry
1e7288968a3d4ca7916e31159729acea,10,1,hungry,dirty,luxary,angry
3f8922cf92cd4761ba292cd4c65ff36a,10,12,fed,dirty,luxary,nice
88c58b1f943c4e3c9a33d490d7f61a39,5,13,fed,clean,luxary,nice
ab99b7ec62b9416cb6e1404cb798cc82,9,13,hungry,clean,minimal,angry
a3ff6e804dc94dada8c6ce362705f002,6,23,fed,clean,luxary,nice
a6ae4d253116488b810af2197031b661,4,13,fed,clean,minimal,nice
1ca8b63fb25b4d4eae5a2280457d342f,6,24,fed,dirty,comfortable,nice
d080410e6f1d43ce9debd4fec367c270,6,20,hungry,dirty,sparse,angry
4e3a3018015d45cfbde43d681aaf79ab,3,9,fed,dirty,luxary,nice
d18f545d34f64720878b91115c88ac9a,8,14,fed,clean,minimal,nice
d4e7e5771cce4275aa53dffdacd0602f,3,21,hungry,clean,sparse,angry
5cdd6342d9d344a2bd73e2978c70197b,7,9,fed,clean,luxary,nice
7da337fc80084d9da986441a25d57ab4,3,22,hungry,clean,sparse,angry
ba9d3f10992a44bead6a69d1ccd22902,10,3,fed,clean,sparse,angry
1e2662f1d33b43f2b83ac58aec9346c0,8,17,fed,clean,minimal,nice
6b1e6e2de9614d40803bdaea85886910,1,3,fed,clean,luxary,angry
9b24c86bafe64077a52eca902794cdb0,2,17,fed,dirty,minimal,nice
c22adfeaddae4bf8b030cceff7de8e91,10,20,hungry,clean,minimal,angry
ce8f422edd5f4373a1b462f4553656a4,10,17,fed,clean,luxary,nice
3bc5f640cfda446da46cc714bfb8ea8f,9,12,fed,clean,minimal,nice
7f766bf15be543679b7bb8979379dfdd,5,23,hungry,clean,comfortable,angry
86add1d33ffb438d82bf0df9f3329241,1,20,hungry,clean,minimal,angry
535fb98e71c445f69678a87ea46aad93,8,0,fed,dirty,sparse,angry
ea9465b650444b86ba444227edd923f1,9,8,fed,dirty,minimal,nice
3792b8d13bca45559745b6a9df67f25b,9,9,hungry,dirty,sparse,angry
86d4a492f6064851883f73e06922c05e,3,7,hungry,clean,luxary,angry
6fcac8d7f75543c6b6f65b91c04b4aba,9,16,fed,clean,sparse,nice
b7f87aad93e24c03a6a027a705fd7045,10,22,hungry,dirty,luxary,angry
10476ed2a3784426b0b9d7fda9d12623,5,20,fed,dirty,luxary,nice
784bdcd1941a439db5b1aa8e51601699,10,23,hungry,clean,sparse,angry
8712fce37b404794872d8f315ffae2f2,9,16,fed,clean,minimal,nice
c6463d3e4ea041f6903ea2269971f53a,10,15,fed,dirty,luxary,nice
0ce44423c66346b9925fa7b849843338,7,14,fed,dirty,luxary,nice
fe2fdccbf5c3487981565984d1d35c7b,5,15,hungry,dirty,sparse,angry
1ec086c4f7d248998461b17d776a2678,1,24,fed,clean,luxary,nice
1d3c2393f90c42a695342efd4c7df28d,8,19,hungry,clean,comfortable,angry
ca47ed38c01f4cc09e3dcfd047e05465,8,19,fed,clean,luxary,nice
bfb2337914a447d4b68b5582821baead,6,4,fed,dirty,comfortable,angry
1bc09c5cc35a4059b83a83a8063a55f0,5,7,fed,dirty,comfortable,nice
a3fcf71e621d428c9da819f85dcdf905,5,22,fed,clean,minimal,nice
d0c14ae93b9b4a6dabf4a4d7dc4ad683,5,17,fed,dirty,luxary,nice
f4bc383e6d934c8faa4677f47325d1c5,4,18,fed,clean,comfortable,nice
ebe0e2d974864d79b08126228c4841c6,2,7,fed,dirty,sparse,nice
225f206353b44119994f337083596158,5,12,fed,dirty,sparse,nice
52c5ff0f280e44c79e172f7592fa871f,1,20,hungry,dirty,sparse,angry
6389fff8f19d41708b7147a3bca86770,10,3,hungry,clean,sparse,angry
b99e4a7cb38f41baa4c2bdcb240dfeaf,1,13,hungry,dirty,comfortable,angry
8fb00f7dc61b4537b71be4a0eb0bc6b7,10,21,fed,clean,luxary,nice
988f60da7047489681289a04935bfade,6,3,fed,dirty,luxary,angry
a09ee93b3d3b4fab9a1be73c93a623e0,5,6,fed,dirty,comfortable,nice
a594178d86cb4ffea0ef4b0a07797c65,1,6,hungry,dirty,minimal,angry
32cb465639b74d6b8a52b4e2e9e50fdd,5,24,hungry,clean,comfortable,angry
0cf6267f020e4c1a83ea7d56309f5c9b,5,4,hungry,clean,minimal,angry
484bfe31c9fe4a90982ec0d5099f4f91,9,24,hungry,clean,sparse,angry
0026f2d945764f879cdbf6a74cd2659b,1,21,hungry,clean,minimal,angry
e452efc0334a45c6a58f496d2cbaa0fb,3,1,hungry,dirty,minimal,angry
2b037555309a4fa58f983808c46d3c53,1,20,fed,dirty,luxary,nice
efa39866597b4d46bcedfcdfb35f4ecc,8,5,fed,clean,sparse,angry
27b3c5c8795643438baf60734a3bf2a4,1,23,fed,dirty,minimal,nice
2674cd4245a1430e9eda679ba8ddffa0,8,2,hungry,clean,comfortable,angry
3c9ec6113fb34ab98f0cf9b7f99007db,2,12,fed,clean,luxary,nice
abcdb92f564f4ab7a758488f31956673,1,9,hungry,clean,sparse,angry
4743ecaa070f4740a41c0b8abbaf17ab,6,16,fed,clean,sparse,nice
eb24d965470048faaa1233547d22f922,10,7,hungry,clean,minimal,angry
90f1808603e843efbc1094424921afb8,10,8,fed,dirty,sparse,nice
f7aa2f2ff8cd4778b862297a1d8d3f62,1,2,fed,dirty,comfortable,angry
5c76080071db4b1fa08d4bdc1bf2a99b,2,0,hungry,clean,luxary,angry
2c6a2ac4947a4282ad80de8d9f8ca586,3,4,fed,dirty,minimal,angry
34395120ec96465393a2e163530a5903,4,16,hungry,clean,comfortable,angry
98bd40f84f414fefac7e38a0d26a762a,1,17,hungry,clean,comfortable,angry
1444e0a645fb4a8a8c176c89c22da8a5,8,18,hungry,clean,luxary,angry
01791ddc3bca4b43b8a2299ad774fd63,6,8,fed,clean,sparse,nice
6cad5feef44d4552a2f293c6ad5ab583,1,18,hungry,clean,minimal,angry
a30aad77c3fa4ed09dbc862abb8c665a,6,12,hungry,clean,luxary,angry
c0491a2c62124278b68aacff0ad32495,6,8,hungry,clean,minimal,angry
354cd71e228540989b7c85364308d8db,7,21,hungry,clean,luxary,angry
d8ebf20764244deba5d16c7a44b554bc,10,4,hungry,dirty,minimal,angry
3c25dec9e33b46fd9d2330f9cebfcada,9,10,hungry,dirty,comfortable,angry
c0791af8c46649988f84c93a78e6f7ae,9,18,hungry,clean,luxary,angry
f8a236a2e02a4f50aa461a2cd025f494,2,18,fed,dirty,sparse,nice
20e0374f276b495bbe88d9fbc1258fea,7,23,fed,clean,sparse,nice
6573a22e13004a13a206490bf5c532ac,3,11,fed,clean,minimal,nice
257cbae8307b4352b8a4a975cf45a418,8,17,hungry,dirty,minimal,angry
4703d0729e9440e89e19d09d0d537332,7,0,hungry,clean,sparse,angry
5333dd826e7a401fb491fc3521d6f98f,4,22,fed,dirty,luxary,nice
5a664842549749bf8fa59d8c0adf8b45,8,3,fed,clean,luxary,angry
d4b8f62ca563495f86c0df96079cbfaa,9,8,fed,clean,comfortable,nice
635c8f5d76d7450dbe3f04394ab5e99f,2,20,hungry,clean,comfortable,angry
62915db14edf467396dea9028431349c,5,9,fed,clean,comfortable,nice
794e698b631b488c8cad244fafd7345a,3,17,hungry,dirty,comfortable,angry
0613c37532b0490abdcff75d92d0ea83,4,13,hungry,clean,minimal,angry
c98cc267b2f24c73b75d1819e192912f,9,17,fed,clean,minimal,nice
a26ea04ac5d94f51b57b70829f29890a,9,23,hungry,clean,comfortable,angry
b7b83731d4144599803a125b60c892db,7,22,hungry,clean,luxary,angry
5523c5c0a652429b9a61d29deafd7820,9,13,hungry,dirty,luxary,angry
31348f39c1ae4b199033d58c7f1d8258,7,15,fed,dirty,sparse,nice
50170e064a0243deb4885a3ce1c63e1b,10,11,fed,dirty,sparse,nice
24ebeec0640f41f496ecc06b402d1ff7,5,17,hungry,dirty,luxary,angry
74e85389a27645168d112721158b815e,8,3,fed,dirty,sparse,angry
8bcb8f6efb1c42da933ad2ca5735a1d3,10,13,hungry,clean,sparse,angry
11624025cd7147e2b6823ee4e3186ddf,1,16,hungry,clean,minimal,angry
dda68d38f2bd4ad3a696fd9b2dce881b,10,18,fed,clean,sparse,nice
837a6674c59a4c81b725abcf46ebf239,9,9,fed,dirty,comfortable,nice
7e6616d498014acb8235e12aa1e17024,7,17,hungry,dirty,sparse,angry
5d41dbe5b3c34de981c225e273015f30,9,11,fed,clean,minimal,nice
e7b06f523b024f31ab608c1b8262bb86,6,11,fed,dirty,luxary,nice
b3903497e2ec4c1eba636447cba01ba9,3,8,hungry,dirty,minimal,angry
d9534fb845b24de594063a443874b53b,1,2,fed,clean,comfortable,angry
e808513e7efe4e5e96b772cd491fb1aa,6,16,hungry,dirty,luxary,angry
59e5716f63cb4e2aaf256ca1e851c3e3,8,17,fed,dirty,luxary,nice
d6772933a5ec440195d84678e252a302,1,12,fed,dirty,sparse,nice
350e919ddc794fedbe61e689d1d3b78b,3,22,fed,clean,minimal,nice
6a08d96c182f4c0a8581f47adc927ee8,10,6,fed,clean,sparse,nice
2251af179e374138a387477d7b5b8609,3,9,hungry,dirty,sparse,angry
6ebf1270ce3447ed8d62fd063c760588,9,0,hungry,clean,luxary,angry
429c18d5d48c44b5a70e8194a7a1cafc,10,5,fed,clean,luxary,angry
e9ef0e13986e48278910b6f44dbe060a,8,13,fed,clean,minimal,nice
1046b9412a9e4269a9ab888e1d0868fc,2,4,hungry,clean,sparse,angry
a667b98ca93342c38715c34d78962ca3,1,7,hungry,dirty,sparse,angry
7beb0b21b66f4311b98e1fd6d00dd481,6,16,fed,clean,comfortable,nice
7ec0d8aef739442687d1213245d3a3b2,1,9,fed,clean,comfortable,nice
efdcdac8b4f04a1e8c13ab466d027766,2,13,fed,clean,comfortable,nice
e2107991930c471a93f17e59d138ad4d,3,17,fed,clean,comfortable,nice
c280c2b3e6bc43149cfd63720a7a4722,9,22,hungry,dirty,comfortable,angry
991c9522f6c74ca49bb4d65c6704bdfa,8,20,fed,dirty,comfortable,nice
f201993af7f944f3b29bf328793e4b74,1,0,fed,dirty,comfortable,angry
f570d07e0c6f4ef0bc4b9ebed768b500,7,17,fed,dirty,sparse,nice
b5c52fb110864689bc2893e7b3903c9d,6,20,fed,clean,minimal,nice
7d4a2a9bc63b414fb77d452ab2f474a5,2,2,fed,dirty,minimal,angry
4470d1d1290a4f1c9722b40b14c8d078,1,0,fed,dirty,sparse,angry
9ede2ce1d7224343967ee71f8e405369,1,0,fed,clean,comfortable,angry
dfc06384d7bf45e3a2817aa9034d4006,9,9,fed,dirty,sparse,nice
878a907bdf534cc18cc42ecc5578c11e,5,8,hungry,clean,luxary,angry
87658dd17b834a4989a44374bf1e07dc,8,17,fed,dirty,minimal,nice
5f703adfd55f4c649e28458ec2197cc0,1,11,fed,clean,sparse,nice
98b04262508c4e1b909416ade1c28ebd,8,22,fed,dirty,sparse,nice
77868865fb3b41d4894cac7b835a3ff3,8,4,fed,clean,minimal,angry
90a913f56d114f9ab14c15aa17fec235,9,7,fed,clean,comfortable,nice
068e9756219a4956b2cc6d35a3132fc8,2,15,fed,clean,minimal,nice
db3ccb72fc1143bcb2d18488642b6608,7,8,fed,clean,luxary,nice
c3d3fc23ca5a4b88a7b7780da3d27649,8,17,hungry,clean,minimal,angry
5009c0f2eda64843b8f0221b7e7d65e3,6,9,fed,dirty,comfortable,nice
62818978e0ca47219d6965416615e74f,6,22,fed,clean,minimal,nice
80b3149823c440308fb5779ebab34bf7,9,0,fed,clean,luxary,angry
47e82b914dcd4df2baaaafc93564611e,5,2,hungry,clean,luxary,angry
e3fb6687c38641a581bfa62c15a59030,5,20,hungry,clean,minimal,angry
6ee111a6934140ae80712b914c9ba458,7,12,fed,dirty,sparse,nice
5b28e4fb0fac48699bead9dcba7bd1a5,10,19,hungry,dirty,comfortable,angry
ee81841da5d048efbe00cf76e733af12,8,10,fed,clean,luxary,nice
0d307967cfa34f87bfae6c13f5bab07b,10,19,hungry,clean,luxary,angry
96173cef59dc4f9e81196e3bcea1378b,10,18,fed,clean,comfortable,nice
53a2f39f361a4b009f8ca4142f413ca5,3,4,hungry,dirty,luxary,angry
b9ac29f9536b45ed87e6af79b73046ef,7,21,hungry,clean,minimal,angry
7939ede6256d414ea3c4a1a385de1d90,10,14,fed,dirty,comfortable,nice
10c1c76402364f0da017068d207f5f51,8,17,hungry,clean,minimal,angry
02539e2afb3f449aaac859665e4a59e3,9,5,fed,clean,luxary,angry
d0bd4d6a523247339864e88b8e5391d8,9,4,hungry,dirty,luxary,angry
f80b3473f5744676b8ba6944c76155f0,7,1,hungry,dirty,sparse,angry
0eb76472fd894d91ac5cdd23f080d764,10,23,fed,clean,luxary,nice
ba81e73a27564ad9841ddf21c6b666bd,8,19,hungry,dirty,minimal,angry
45fb4b889f4c4efd85916662111e1997,9,10,fed,clean,sparse,nice
cdab2a5076bf442f8ff18457d01b8561,7,22,fed,clean,luxary,nice
d1dea15929fc49d99e6d6947a8e41632,7,7,hungry,clean,luxary,angry
e0952f5aa8884e4ab1a887c61a9e57f0,4,22,fed,dirty,minimal,nice
1a4c351c5a73491eaa775ae4bf54f251,8,4,hungry,dirty,sparse,angry
4ca0ad29ea5a465aa922430b25477915,6,5,fed,clean,comfortable,angry
1fa948a3b1774e18b90f39bafe8db08b,3,7,fed,clean,minimal,nice
dbeede09a4004ac0a0ea9c78291800d1,5,6,fed,dirty,minimal,nice
7e0f96f9bb7b4b7a8756eb795beb427f,1,0,hungry,clean,sparse,angry
cb7a46f6891841b2b686ec4e7a4bd2ce,9,8,hungry,clean,comfortable,angry
e76f8c5c9b414b35b3cee540fe6bcbf6,10,14,fed,dirty,comfortable,nice
6aaa2e052d804be89ba53e7ce0c6885f,1,24,hungry,clean,luxary,angry
ba977a0687a6486d88e0c8c48a8057b7,10,4,hungry,dirty,sparse,angry
5d96aff278d5439cb1a0bfcc40b74cba,2,20,fed,clean,sparse,nice
658e768506ca445f9cde7c6624332ff7,7,16,hungry,dirty,luxary,angry
c3d9dbffffaa42b49333e45a99b4ae0c,3,14,hungry,clean,sparse,angry
592bcf0cf94c4b8baf2f3179fc9cb741,7,2,fed,dirty,comfortable,angry
2bca658596ea43e9adcf5068fd7b6e70,2,1,hungry,clean,sparse,angry
35d45dc0ba144349ac90ffc88100fb44,5,3,fed,clean,minimal,angry
2e2912f8f6ac4cd69c8afc8032e32e4b,6,11,fed,dirty,comfortable,nice
e281a296ef3f4a7896a6f03a5bb31706,4,24,hungry,clean,luxary,angry
e5e9dd2a15fb44b68b9fdede279e6fe2,4,19,fed,clean,sparse,nice
c5d1a407b0ea49d0bc1b8f9ceed13e06,3,8,fed,dirty,luxary,nice
1f7cbb3c238e4a4eb68f4c005388c74f,9,17,hungry,dirty,minimal,angry
66698b3f258a487a839049291da306ae,2,12,fed,clean,minimal,nice
56ec8597e72d4a0b862c0383568c95ec,9,14,fed,dirty,minimal,nice
feae5be0ecc14544acdf87561f28b5e9,7,17,hungry,clean,luxary,angry
a16c2bc14d354d43969ddf684aebac34,5,14,hungry,dirty,comfortable,angry
3017eec0d4de488c95dc0eb50e8dd09e,7,13,fed,dirty,comfortable,nice
d2853edb41d04979be7002d27298787d,10,13,hungry,dirty,sparse,angry
4866823cdeec4967967477cc4d1fc8f7,10,14,hungry,clean,minimal,angry
81f00962ceac4bb39e8aba649c818331,6,8,hungry,clean,sparse,angry
acbdef1b8b1a405bae456992d957868c,9,6,fed,clean,minimal,nice
74e2877016ca49988c4ad16522a74cf3,6,8,fed,dirty,luxary,nice
4b5a789d512349599aca2e7ec4c3e663,8,7,fed,clean,sparse,nice
10646a71bec2409d9ff0a2d78a754a86,6,8,hungry,dirty,sparse,angry
2bceeac4e7df409596aa744757149720,3,18,hungry,clean,comfortable,angry
16c6cf12b49446cc8776b8d56b530ada,8,17,fed,clean,comfortable,nice
6dcc5b9437ee48e6b06b37e9393dd057,8,21,hungry,dirty,luxary,angry
1a82dcb812a845c593553063ef5a0d3c,1,0,fed,clean,sparse,angry
9eeecdeba5f14afb9adabb28ccfbe24d,7,6,fed,clean,minimal,nice
f961653716a64ce4bd5e14e110ebc191,7,12,hungry,clean,sparse,angry
b4964d6ed58541e3893ba77fcc37c0a5,3,4,hungry,clean,comfortable,angry
089a349c31934085988ad874d583dc39,1,16,hungry,dirty,comfortable,angry
91b493a33625489cac71af93cc134c4a,8,15,hungry,clean,minimal,angry
fc1414a241634bfa8e0c73ab4249c4d2,2,7,fed,clean,minimal,nice
157225a39b5a4ba6be10bb26ed45683f,2,1,fed,dirty,luxary,angry
341da92e2e4444e683e214ffc9b415b1,8,23,hungry,dirty,luxary,angry
143d320c57af47a1b0e7339522001f3a,4,5,hungry,dirty,comfortable,angry
c814453aaa944f82b546e7a525456e4d,6,10,hungry,dirty,minimal,angry
083b8b6007c343daa4078307f87a750b,1,2,fed,clean,comfortable,angry
bedaeac1af944f0b81e88e351d05aedd,3,0,hungry,clean,sparse,angry
52ad414cf91e40e5bfc1de83fd3fa690,5,7,fed,clean,sparse,nice
874cb4f2fb534403ad8c8f62dc5ca5b9,9,24,fed,dirty,sparse,nice
c8372c45c5784e7fa89a007019ee90ed,4,15,hungry,dirty,minimal,angry
c1845aa0b29a4fe7a72eb8f5b1c993df,5,12,fed,clean,comfortable,nice
712547db55d24c3e8b34083cf607a3b2,3,24,hungry,clean,comfortable,angry
91266818a1b14f7881fe2aab88e35331,6,19,fed,clean,sparse,nice
28f1ce2cf87f45c5958831bfa76677bd,2,18,hungry,dirty,minimal,angry
e4327bd9d1ca4575bb1d317e2a3019f8,1,11,fed,dirty,luxary,nice
2a8414295c8143f1928b015333516d40,3,1,hungry,clean,sparse,angry
076f62004a4a4e0a90d3c53abce8474f,3,24,fed,clean,luxary,nice
1dc354786a4644f0a67dffb672497098,10,6,fed,clean,luxary,nice
bfb7e8c712f5425dab649fe46ca2ff27,4,23,hungry,clean,luxary,angry
4e985feb10bd4212bfa30bd200fe7450,8,8,fed,clean,minimal,nice
711cc8b3c6a24f8ea85c25699a59b551,5,1,hungry,clean,minimal,angry
df485b26130c4130b957cb880e9c960f,10,16,hungry,dirty,luxary,angry
e0ae3eedad7241c494d1549836f4c374,5,22,fed,clean,sparse,nice
f080203ec71748f1a36e0da636e99898,8,4,fed,clean,comfortable,angry
09a5f9da3b544678ac99c7db9a1e33a1,1,23,hungry,dirty,minimal,angry
3b407971024848feb6184dd5ed66b9ad,9,7,fed,dirty,minimal,nice
72fe842e77d54f90ac5d9eb713479bea,8,24,fed,dirty,sparse,nice
49f777c922e44eef822810e783529998,10,17,fed,dirty,luxary,nice
85bf71d60cfe4eccabcf035c4c67bdd3,6,23,hungry,dirty,minimal,angry
eb37a7acc1b841bb8c183d5bbbce9693,9,21,hungry,clean,comfortable,angry
8ba676a713ce438da5b8f2f7fe3d4560,4,7,hungry,clean,sparse,angry
